CustomerID,Name,Email,Phone,City
1,Travis Ali,erika76@example.com,(598)917-0341x524,Singhview
2,Robert Daniels,ashley12@example.org,315.242.3072x004,South Kristenbury
3,Kelly Rogers,luke36@example.net,001-984-393-3954x495,Kennedytown
4,Christopher Woods,bmurray@example.net,+1-366-483-0216x773,Chasestad
5,Beth Wagner,david01@example.net,+1-394-656-5022x284,Maryfort
6,Joshua Rivera,teresa00@example.org,869-372-4844x7406,Justinport
7,Chelsey Perez,garzatracie@example.org,001-559-434-0037x023,Ricetown
8,Alyssa Smith,adamstamara@example.org,843-366-0981x58140,Connerland
9,Susan Anderson,bryce42@example.net,413-431-9482x66350,West Joseph
10,Brent Parker,astewart@example.com,2015092455,Sarahport
11,Cassandra Smith,bradfordkelly@example.com,370.746.4376,Michaelhaven
12,Andrea Knight,smithkayla@example.net,+1-619-442-7192x99176,North Brandy
13,Susan Ellis,qtaylor@example.net,205-580-6128,Jenniferstad
14,Stephen Rivera,justincampbell@example.net,834-411-7593,Lake Emilyview
15,Lisa Schmitt,qgentry@example.com,7429616929,Louistown
16,Aaron Murphy,mortiz@example.com,4458603307,West Donaldland
17,Cynthia Watkins,sullivanjose@example.net,597.535.2716x749,Jonathanview
18,Derrick Carey,icrosby@example.com,693.681.5929,Deborahbury
19,Christopher Ramirez,alecharvey@example.org,001-981-318-8582,Williamfort
20,Amy Glenn,samantha66@example.net,+1-962-271-5637x6036,Juanfurt
21,Brian Castro,lindayoung@example.org,001-495-394-3730x85113,Rachelland
22,Julie Carpenter,alice33@example.org,001-611-595-1584x701,New Cindyville
23,Brandon Copeland,gutierrezlisa@example.net,(768)967-8192,Stephentown
24,Stacey Simpson,bthomas@example.com,486.715.8985x790,South Martinside
25,Ms. Rebekah Deleon MD,mmay@example.net,(855)296-9253x442,Kaylaburgh
26,Eric Butler,codyjohnson@example.com,001-719-288-0130x703,Elizabethton
27,Emily Bowman,eric53@example.net,(856)581-1931x4883,East Lisamouth
28,Virginia Wilson,zrivera@example.com,606.740.6003x2904,East Ruthhaven
29,Kurt Hughes,colleen62@example.org,(672)434-7702,Lake Susan
30,Jessica Anderson,michelle83@example.net,(638)915-1856,North Ricky
31,Kathryn Holloway,hannah46@example.org,344.902.5713,Williamburgh
32,Michael Martinez,fanderson@example.com,707.642.4954x8931,Perryside
33,Paula Berry,greenmiguel@example.com,414.542.9114,North Andreabury
34,Richard Howell,angelajohns@example.com,567-580-4814x20769,Mcdanielbury
35,Jacqueline Dalton,pleon@example.org,001-341-391-6464,Callahanmouth
36,Stephanie Walls,zacharyjones@example.org,(255)679-1082,East Michael
37,Keith Campos,rayala@example.net,(748)409-6520x9195,Paulastad
38,Connie Sherman,ntucker@example.net,637-635-8966,Port Shellyborough
39,Briana Lawson,nicole60@example.com,209.414.6287x542,Mathewmouth
40,Kristen Sparks,travishorn@example.org,919-644-0873x19282,Port Alexberg
41,Thomas Lee,angela79@example.com,993.243.4290x82216,Reillyhaven
42,Joshua Shepard,julian02@example.com,229.607.2051x27463,New Steven
43,Kimberly Jones,susanmeyer@example.net,+1-431-572-8638,Caseyborough
44,Tiffany Wu,branchtammy@example.com,985-577-2830,Michaelstad
45,Bob Marquez,daniel55@example.net,(634)668-5149x75678,North Joshua
46,Amy Hernandez,joseph25@example.org,+1-869-263-6376x235,Lake John
47,Tyler Gomez,ygonzales@example.org,+1-443-534-6017x3652,Derekstad
48,Nicole Johnson,njacobs@example.net,001-238-544-3704,Port Rachel
49,Cory Norman,wmartin@example.com,(902)905-3642x0559,Wilsonhaven
50,Susan Thomas,williambrown@example.net,001-360-712-0222,Denisestad
51,Amy Newton,dnavarro@example.net,001-232-528-4987x5591,North Sarahport
52,Jeanne Pace,vbarr@example.com,771-977-6282x31661,Timothychester
53,Christopher Hartman,kennethgregory@example.org,870-523-7569,Ericburgh
54,Daniel Marshall,brownmarvin@example.com,297.655.4833,Jacobview
55,Deborah Hunter,turnerdeborah@example.org,(948)939-3058x767,Walkerhaven
56,Sarah Young,ymoore@example.org,5588579072,Lake Shellymouth
57,Thomas Porter,victoriaramirez@example.com,900.916.2778x2698,Robertchester
58,Jennifer Cherry,lunaann@example.net,986-307-3855x6944,New Michael
59,Joshua Lindsey,williamrhodes@example.com,001-867-750-2670x746,Port Jacob
60,James Houston,wrightstephen@example.org,318.755.1536x12099,Burnettton
61,Shawn Moreno,glewis@example.com,(954)937-0765x0642,Ericchester
62,Kelly Morrison,sanchezkaren@example.com,400.824.9516x7152,East Darrenmouth
63,Daniel Calhoun,ykeith@example.com,+1-928-729-7505x031,New Faithport
64,Jessica Anderson,davisjoseph@example.com,(739)691-1145x956,Jacksonshire
65,Danny Mejia,mary43@example.net,900.448.6162x540,Garciashire
66,Michael Jones,marissabonilla@example.net,808-725-0808x88482,North Gabriellechester
67,Joe Burke,laurie25@example.net,+1-792-335-7289x97451,Boyerview
68,Adam Flores,millerelizabeth@example.com,2546927548,East Josephfurt
69,Kyle Parker,nicoleerickson@example.net,452-251-3101x6192,West Daniel
70,Steven Castaneda,veronicasnow@example.org,294.517.2666,East Jason
71,Karen Nelson,chelsea87@example.org,001-607-887-6486x54948,New Benjaminburgh
72,Phillip Liu,ppage@example.com,+1-465-827-7203x3087,Turnerfurt
73,Joseph Holloway,qmyers@example.org,695.367.9421x11363,Emilyside
74,Isabel Clark,parkerjennifer@example.com,4609872006,Toddland
75,Barbara Chapman,jason19@example.com,(474)986-1588,Michaelview
76,Dennis Gamble,nicolelarsen@example.org,344.883.8227,Blackmouth
77,William Rodriguez,oliviareynolds@example.com,+1-851-463-8562x2240,West Virginiamouth
78,Linda Meadows,elliotttina@example.com,620-907-2673,East John
79,Jose Campbell,taylorrobert@example.com,763-205-8250,South Wayne
80,Brian Sims,wcarrillo@example.net,2466357077,East Michaelton
81,Dr. Pamela Campbell,nathaniel73@example.org,503.609.6044,Perryfort
82,Heidi Wheeler,heatherpreston@example.com,272-634-4535,Deborahside
83,Dr. Amanda Johnson,njohnson@example.org,001-745-365-1107x508,Eddiestad
84,Justin Collins,reyesjoshua@example.net,517.870.0492x490,Beltranview
85,Mark Dunn,daniel69@example.org,962-928-7261x10641,North Austin
86,Shawn Campbell,debragregory@example.net,001-506-752-4447x4311,New Angelafurt
87,Joseph Ortega,bartonalex@example.net,228.266.3066x572,Hayneschester
88,William Thornton,iritter@example.net,260-384-5232x8581,West Kendraberg
89,Jessica Thomas MD,rebeccasnyder@example.org,935-220-2243,New Paul
90,Benjamin Myers,mcdonaldjeffrey@example.com,811.668.1596x81295,Burgesstown
91,Mark Wells PhD,romerorichard@example.net,810.257.8739,Lake Marthafurt
92,Nicholas Smith,ryan25@example.org,(564)877-8987x6738,North Juan
93,Laura Brown,hernandezkaren@example.org,601.318.5911x05587,East Timothyville
94,Taylor Cohen,patriciamclaughlin@example.org,001-638-410-4260x352,Lake Kimberlytown
95,Ashley Gilmore,nbauer@example.net,001-961-924-4504x572,Port Garyfurt
96,Derek Page,schultzmary@example.org,433.458.9728x8625,Victoriastad
97,Amber Olsen,pcastillo@example.org,329-972-3976x5299,West Deanna
98,William Cabrera,reynoldserik@example.net,287-216-8266,Priceport
99,Anna Davis,roberthamilton@example.org,479-462-9497,East Brittany
100,Steven Perez,athompson@example.com,994-879-9988,Torresburgh
101,Rebecca Young,ubooker@example.net,299-708-2945x74819,North Claudia
102,Zachary Jimenez,rruiz@example.com,001-637-620-6349,West Pamela
103,Jennifer Sanchez,qshaw@example.net,863-530-5840,Adamburgh
104,Kimberly Perez,jacquelinewallace@example.com,351-816-4029x0394,South Josephhaven
105,Christopher Hicks,david35@example.net,+1-503-682-9913x35082,West Patrickbury
106,Joseph Carroll,qblack@example.net,820.236.3292,Jonesmouth
107,Jennifer Knight,ericawilson@example.org,981.493.7428x23906,Wilsonport
108,Tanner Smith,vgould@example.org,001-235-864-5815,New Seth
109,Anita Mays,madisonhughes@example.net,(618)675-1686x5388,North Williamton
110,Jonathon Rivers,ahayes@example.com,(267)230-6153,Port Catherinefurt
111,Douglas Campbell,jesus60@example.net,266.307.9963,Millerborough
112,Andrew Richardson,desiree76@example.net,9939565206,Hooverfurt
113,Amber Knox,christinefoster@example.org,789-322-8960x465,Zacharymouth
114,Timothy Rivera,lindaphillips@example.org,205-925-4008x835,South Lisa
115,Jamie Smith,stephendiaz@example.org,228-268-8195,Bishopland
116,Blake Anderson,mdavies@example.org,(918)414-5114,Lake Jason
117,Catherine Massey,shannonthompson@example.com,(230)838-4343,Roweshire
118,Jennifer Brown,qpetersen@example.com,(414)996-1786,Mitchellport
119,Kenneth Graves,chapmanlisa@example.net,(669)582-4985x510,Stephanieville
120,Kent Horton,plogan@example.com,(392)427-0846x320,Brittanytown
121,Jessica Davis,holderjulia@example.com,+1-414-573-4618x106,East Carolynberg
122,Bruce Ruiz,nschmidt@example.com,(923)356-2745x9732,Davidmouth
123,John Howard,darrenbrown@example.net,308.294.2565x767,North Daniel
124,Crystal Stokes,vsmith@example.net,(469)466-0354,North Dawn
125,Jacob Dunn,joycejones@example.net,001-306-258-7263x0391,Lake Ryanport
126,Darlene Hicks,linda54@example.net,956.858.4400x54985,New Debbiehaven
127,Timothy Gallagher,bwalker@example.org,519-633-6478x40208,Port Paul
128,Mr. Christian Velez,qmcdaniel@example.net,001-202-398-9986x85083,Lake Kevinmouth
129,David Barnes,parsonslance@example.net,+1-273-202-3937x80052,New Robert
130,Nathan Munoz,bglenn@example.com,+1-737-695-4570x440,East Heather
131,Teresa Hickman,lauracooper@example.net,599.925.4268x66372,Christopherberg
132,Patrick Horton,karenriley@example.org,372.850.2062,West Amandaland
133,Frank Coffey,amathis@example.net,+1-514-534-9079x981,West Colleen
134,Martin Rodriguez,ujimenez@example.org,286.788.8048,West Andre
135,Lisa Davis,froman@example.org,665-583-1513x24803,Amyshire
136,Donald Proctor,jjones@example.com,711.485.6940x98256,Vaughnbury
137,Matthew Nguyen,harrisjason@example.net,6969365649,Port Angel
138,Nicholas Harris,tiffany08@example.org,001-900-602-7123x04021,New Saraborough
139,James Lee,horneisaiah@example.org,(577)967-5793x84288,Shannontown
140,Adam Davis,pamela95@example.com,(806)669-0905x79766,Vasquezborough
141,Miguel Soto,qcowan@example.com,758-536-7426x602,Abigailton
142,Matthew Oliver,gabrielriley@example.net,(881)246-4065,Robinsonshire
143,John James,erin41@example.org,001-798-443-6520x29254,Robertsport
144,Nathan Baker,ahernandez@example.org,360.504.6680x01056,Parsonsmouth
145,Kyle Garner,lawrencetara@example.org,686-660-9892,Port Tanya
146,Bradley Estrada,christierichardson@example.com,+1-949-330-2955,Medinatown
147,John Morris,rodgersgabriel@example.com,(942)368-4710x921,North Daniel
148,Jeremy Jackson,fhill@example.net,601.489.6124,Watersmouth
149,Cindy Hall,srich@example.org,200.893.8521x44363,Webbport
150,Mark Edwards,kayla31@example.org,474.505.2336x22817,Lake Kellychester
151,Donna Williams,sarnold@example.org,001-260-244-8915x2660,Georgeburgh
152,Craig Lopez,tclark@example.net,001-257-935-8546,Port Rickey
153,Kenneth Fields,fmonroe@example.com,+1-441-227-9472,Dicksonport
154,Katelyn Hampton,coreybutler@example.org,001-569-622-6306x3257,Duffyport
155,Keith Mccann,mark27@example.org,493.648.2574,South Joyce
156,Omar Nguyen,xmorgan@example.net,8203452368,Hortonshire
157,John Dennis,vpotter@example.net,001-389-411-3988x25584,Port Brookebury
158,Donald Palmer,brandon62@example.net,+1-687-459-5011x921,Karachester
159,Cody Bonilla,gina95@example.com,401-449-6628,Mariofort
160,Marissa Molina,vazquezsamantha@example.org,001-560-741-2764x821,Saundersmouth
161,Audrey Dominguez,samantha35@example.org,001-920-208-3506,Bradleyburgh
162,Valerie Guerra,tzamora@example.org,794-461-1773x20162,West Matthew
163,Mary Mccann,redwards@example.com,429-407-1374,Brendabury
164,Jason Griffin,bdavis@example.net,001-426-428-2428,Riveraburgh
165,Miranda Taylor,john25@example.net,307.779.2477x052,Lake Stephanie
166,Lindsay Jenkins,huntmarilyn@example.net,+1-607-717-2889x6052,Jeffreyview
167,Eric Smith,lisa33@example.com,001-543-469-2863x9247,Robertside
168,Stephen Harvey,spena@example.org,308.234.1708x898,Lambfurt
169,Joseph Casey,millerkayla@example.com,001-726-432-9031x3066,Frankland
170,Sheila Patrick,beth88@example.org,001-917-483-3891x010,East Jessica
171,Hannah Montgomery,plawrence@example.org,797-725-1015x884,West Michael
172,David Miles,davidmendoza@example.com,001-677-557-6079x044,New Jenniferside
173,Zachary Robinson,aandrade@example.net,001-896-987-1923x38557,Lake Nicoleview
174,Jesse Martin,mary35@example.org,+1-479-387-3102x446,Michaelborough
175,Rose Farmer,sheilagibson@example.com,001-991-639-6064x410,West Amy
176,Jonathon Clarke,elizabethlee@example.com,867.422.1627x45056,Port Amystad
177,Jennifer Walker,pgreen@example.com,851.644.1907x0124,New Julie
178,Mike Roberts,frank11@example.org,231-359-8027,North Rachel
179,Joseph Martinez,hgonzalez@example.org,2574356131,Lake Rebeccashire
180,Brittany Freeman,coreyduran@example.org,719-398-4947x9592,West Wesleyfort
181,Melissa Hamilton,tray@example.org,636.580.4451x2792,Michaelside
182,Joseph Singleton,lsteele@example.net,001-967-672-3466x0573,Josefort
183,Dawn Rodriguez,michaelthomas@example.net,(540)393-3169,Blevinsport
184,Lisa Calderon,awhitehead@example.org,674-866-2745x022,East Danny
185,John Brown,wandrews@example.com,533.911.8764,New Jackieshire
186,Stacy Kelley,daniel68@example.com,+1-849-580-0815,Moorebury
187,Robert Oneal,alyssa13@example.com,001-429-864-1672x465,Lake Alexander
188,David Cuevas,tanya30@example.net,+1-238-696-2700x7869,Greeneburgh
189,Shelby Pace,akaiser@example.com,001-279-577-6975,North Joshuaside
190,Stephen Woods,pcruz@example.com,258.510.6952,West Tammyville
191,Emily Thomas,virginia86@example.com,960-327-1833,Valeriemouth
192,Nathaniel Sharp,ginacruz@example.com,239-545-7317x465,Latoyaview
193,Tiffany Salazar,ellisbrooke@example.net,001-753-644-6729x296,New Gregorystad
194,Matthew Kline,bhenderson@example.com,665.686.4045,East Susan
195,Heather Woods,jennifer25@example.org,802-464-5459x80025,Port Courtney
196,Alexander Vasquez,gjohnson@example.com,(249)600-7248x9568,Wilcoxbury
197,James Williams,elizabeth48@example.net,626.786.9052,West Joshua
198,Megan Lopez,toddevans@example.org,(804)666-8757,South Benjamin
199,Paul Cardenas,tibarra@example.org,+1-924-793-7021x300,Blackshire
200,Sherry Carter,rfisher@example.org,+1-561-597-8368x2864,New Mitchell
201,Courtney Davis,mark77@example.com,608-644-7319x6208,New Thomasstad
202,Emily Blair,seanbruce@example.org,(222)746-4740x5120,Ramosburgh
203,Andrew Gregory,timothy53@example.org,001-339-710-8624,Jonesport
204,Jennifer Alexander,hugheswesley@example.org,224-862-6651,Mcintyrestad
205,Dr. Eric Tran,samantha29@example.org,(550)572-8250x3647,Strongchester
206,Michelle Perry,dalegarcia@example.com,(393)712-4119,Danielside
207,Shawn Hogan,bclarke@example.net,453.903.3601,Alejandroshire
208,Matthew Robles,rangellisa@example.org,+1-695-583-1748x789,Lake Penny
209,Amy Paul,vford@example.org,(793)944-8357x406,Lake John
210,Patrick Stanley,kimberlyeaton@example.com,001-536-385-1454,Ricetown
211,Brandi Bush,xcase@example.org,857.845.4768x6782,Christinaside
212,Jonathan Perez,alyssarobinson@example.com,+1-914-834-7027,Charlesmouth
213,William Lopez,burnskatrina@example.net,+1-942-607-7521,South Robert
214,Kathy Carpenter,caseyjoshua@example.com,001-780-641-7644x150,Cunninghamview
215,Deborah Matthews,ghammond@example.net,001-902-327-9891x7487,Gallaghertown
216,Drew Johnson,justinwilliams@example.net,867-574-3862x9037,Lake Amanda
217,Dr. Rachel Hull,davisjeremy@example.com,676.986.3001,Smithmouth
218,Kayla Gomez,timothysantos@example.net,675.359.6157x3896,West Laura
219,Jermaine Michael,xdavis@example.net,(962)227-3408,Stewartfurt
220,Joy Martinez,jthornton@example.org,977-585-6218,Marybury
221,Rebecca Lewis,johnstondavid@example.org,001-885-701-4796,Scotttown
222,Christine Bradford,jennifer05@example.net,(966)648-1853,South Sarahshire
223,Colleen Harper,matthewthompson@example.com,(225)402-4452,Kathymouth
224,Amy Campbell,robert48@example.org,+1-724-478-7683x955,North Allison
225,Cristina Hart,laurie47@example.org,815.685.5169,West Blake
226,John Arroyo,sonya01@example.org,+1-838-332-2848x6640,Biancatown
227,Donald Morton,leebailey@example.com,001-758-621-5089x22279,Brittanymouth
228,Kristine Cooke,lucasmadison@example.net,280-753-0111x1022,Rayview
229,Brett Hunt,smoore@example.org,+1-969-472-9431x0888,Wellsborough
230,Ronald Flores,shannonryan@example.net,+1-616-539-8626x083,Port Amandabury
231,Jennifer Hubbard,melendezphilip@example.org,(870)970-4208,East Jorge
232,Connie Johnson,kaylayoung@example.net,+1-775-352-7367,Walkerbury
233,Sara Allison,dbowen@example.com,2135928602,Melissamouth
234,Lydia Daniels,charles75@example.net,445-745-9707x0150,East Juliaville
235,Dr. Brandon Cordova,stewartstephanie@example.net,7954096273,Port Timton
236,Mrs. Mary Beck,jillcollins@example.net,+1-524-660-2757x99294,Lake Laura
237,Ashley Maddox,tara72@example.org,800-913-5320x533,Jeffreyfort
238,Nicole Rocha,jenniferryan@example.com,+1-232-411-4454x824,Jeffreyland
239,David Schneider,alexanderzamora@example.com,(385)255-5497,New Ronald
240,Antonio Johnson,jonesnorma@example.org,862-247-6896,Blackhaven
241,Scott Perry,jennifercollier@example.net,263.928.6036,Ruthville
242,Kyle Tucker,jonathan82@example.net,001-223-947-2374x60812,Starkbury
243,Katherine Watkins,fsmith@example.net,+1-556-824-1708x744,Andrewbury
244,Karen Ayers,yeseniamarquez@example.com,+1-883-864-5472x0051,Lauraside
245,Adam Lewis,kpage@example.com,001-712-262-1583x5778,Port Kimberly
246,Stephanie Hancock,sarah25@example.org,001-804-559-1139x042,Port Carlos
247,Angela Spears,belljoy@example.com,001-941-386-5963,Lake Jacob
248,Patrick Logan,nancy71@example.com,869.962.7549,West Chelsea
249,Matthew Boone,erica61@example.net,(411)844-4422,Jasonland
250,Dana Powers,phillipsnancy@example.org,+1-579-425-9424x220,Markshire
251,Lucas White,laurahernandez@example.net,507-294-2053x559,Jessicaville
252,Kenneth Yang,crosbyderek@example.net,554.613.7812x523,Boydport
253,Brandon Doyle,lorizuniga@example.com,001-246-788-0565x639,Martinborough
254,Carrie Goodman,john17@example.com,(465)603-8438x63115,South Crystal
255,Anthony Martin,nicholasday@example.com,843-387-8787,East Elizabethland
256,Jeremy Curtis,pcrawford@example.net,6574735876,New Franciscomouth
257,Julie Williams,rachel86@example.com,734.883.6647x49384,Garzaland
258,Cassandra Dudley,holly81@example.org,001-315-736-5561,Thomasberg
259,Megan Brown,carterpatricia@example.com,(685)258-9087,Christopherhaven
260,Dale Ramsey,ronnie40@example.com,853-398-9746x54722,Scottmouth
261,Hannah Scott,ehill@example.com,740.427.6463,West Matthew
262,George Jordan,fcosta@example.net,(931)522-0050,Taylorborough
263,Daniel Barnes,pwhite@example.org,637.768.4021x184,Greerfurt
264,Steven Jones,bookerjohn@example.com,+1-825-974-7160x4189,Burgessville
265,Robin Cooke,barnettamy@example.org,001-653-998-1564x3101,New Amyton
266,Mark Caldwell,rfreeman@example.com,(267)365-3530,Ashleymouth
267,James Mueller,kaylee18@example.com,(440)577-0746,Moyerfurt
268,Michael Maldonado,danielcraig@example.org,001-294-519-5212x377,New Tonyaville
269,Kendra Lopez,terrykaren@example.net,799-863-8623x882,Michaelton
270,Glenn Vasquez,jasoncolon@example.org,(752)987-1293,North Sarahside
271,Nancy Nunez,mrosales@example.net,+1-490-673-3902x952,North Christophershire
272,Jonathan Jefferson,myerskevin@example.org,4476515924,East Sherryfurt
273,Alexis Newman,brandon37@example.org,(908)713-1306x5103,New Brianport
274,Martha Cannon,nthomas@example.com,992.919.0028x9321,Orozcohaven
275,Michelle Lawson,zscott@example.net,(689)495-3104x3686,East Williamtown
276,Holly Hicks,heathersims@example.com,941.461.1549x891,New Jenniferton
277,Michael Greene,lowerymary@example.com,372-409-6363,Kimberlyton
278,Douglas Brown,jose22@example.net,+1-725-218-3990,East Victoria
279,Briana Clark,proberts@example.com,3087281725,Nathanielshire
280,Martha Myers,dharris@example.net,(548)946-8968,Port Jaredberg
281,Donna Jackson,gscott@example.net,(944)742-5320x293,Lake Mark
282,Kyle Lee,josephstewart@example.org,748-709-9524x9546,Ashleyborough
283,Caitlin Garcia,brandyvaldez@example.org,996-858-2149,Jomouth
284,Jennifer Salazar,xhawkins@example.com,907-247-9705,South Michaelstad
285,Jose Lin,christopherhopkins@example.org,816-625-0194x897,Hansenstad
286,Meghan Potts,carol90@example.org,972-982-6867,South Susanshire
287,Christopher Anderson,xgarcia@example.org,(991)615-2213,South Danielshire
288,David Davis,rosehenry@example.org,5824041861,Wallacefurt
289,Julie Gonzalez,brownmark@example.net,(748)512-5717x832,Bakerchester
290,Leonard Pope,dorseylaura@example.com,+1-275-449-1693x403,Elliottmouth
291,Andrew Ray,davisjerry@example.net,442.386.8133x342,Johnsonbury
292,Randall Sanchez,tyler53@example.org,985.261.5459x827,Phillipchester
293,Nancy Fisher,helen89@example.org,(610)856-6476,Lake Lindseybury
294,Jennifer Fisher,abigailrodriguez@example.net,001-467-534-4388x719,Josephhaven
295,Jason Johnson,iroberts@example.net,2748097269,Hortonborough
296,Brandon Ward,llane@example.org,+1-491-431-5807,New Carrie
297,Megan Brock,burnsjonathan@example.com,424.730.9653x124,Brownshire
298,Cameron Brown,jenniferkennedy@example.com,2887030362,Susanville
299,Kayla Thomas,qadams@example.org,717.494.2608,South Johnathan
300,William Guerrero,huberbilly@example.org,419-931-7855x967,Port Tina
301,Gary Gonzales,monicakennedy@example.net,623.256.2671x2332,West Arthurville
302,Nathan Flowers,mcook@example.net,(516)692-6922x250,New Anna
303,Regina Caldwell,andrewmaynard@example.com,001-861-415-7374x919,Georgefurt
304,Crystal Osborne,torreskerri@example.org,537-959-4746,West Jeffreyton
305,Joseph Patterson,robert93@example.com,+1-670-984-7625,Lindseyhaven
306,Lindsay Mcdonald,ycampbell@example.net,001-625-295-0475x468,North Shane
307,Annette Ramos,evansjohn@example.com,569-951-4470,Josephton
308,Dr. Zachary King,nicholasrichardson@example.com,991.340.0647x97179,Catherinehaven
309,Allen Davis,esnyder@example.org,001-367-615-8040x060,Denisemouth
310,Barry Robinson,bmurray@example.net,001-373-502-3497x00859,Lake Jonport
311,Michaela Bryant,mcmillanaustin@example.com,001-281-822-2709,Lake Francisco
312,Jessica Moreno,rachelanderson@example.net,226-440-2711x23169,Lake Isaiah
313,Chelsea Tran,john89@example.org,960.615.1710,Fowlerville
314,John Madden,yhopkins@example.com,001-804-608-4110,New Nicolemouth
315,James Vasquez,kelly64@example.net,(900)594-4034,East Elizabethfurt
316,Abigail Everett,edward99@example.com,(827)961-9504x4538,Adamburgh
317,Derek Washington,bandrews@example.net,+1-606-875-4942x8332,West Annaberg
318,Erik Smith,awolfe@example.org,528.809.0256,South Bryan
319,Vincent Clark,emmasparks@example.org,(305)648-7997,Sherryfurt
320,Carol Delacruz,afowler@example.org,(322)386-6355,East Heidiland
321,Jason Sanchez,nancy25@example.net,965-710-2956,Jefffort
322,William Espinoza,dana58@example.org,+1-479-764-5541x515,Heidishire
323,James Lindsey,rasmussenanthony@example.net,722-269-3643,South Deborahfort
324,Eddie Thomas,bowmanrichard@example.com,(388)455-7356x030,East Jeffreyshire
325,Stacy Elliott,markthomas@example.net,772.304.1804x3100,West Craig
326,Brittany Goodwin,hbarber@example.com,720-914-1020,Jonathanfort
327,Gerald Brown,jeremy29@example.net,(977)848-7841,Harveyfort
328,Curtis Davis,zfrancis@example.net,001-478-420-6439x8068,New Deborah
329,Barbara Stone,marissasolomon@example.com,+1-458-649-7118,Ericland
330,Brian Clay,sadams@example.org,708.211.4655,North Henry
331,Tiffany Forbes,xnoble@example.org,903.463.4530x92312,New Karen
332,Karen Tate,qrodriguez@example.org,365-942-1856x314,Rushmouth
333,Donna Franklin,johnsonrobert@example.net,346.302.3828x172,New Diana
334,Melanie Cannon,jensenjennifer@example.com,(956)509-7924,East Sylviabury
335,Michael Hill,reidwendy@example.com,001-454-892-2831x282,Maddenberg
336,Julia Schneider,glasscassie@example.com,938.989.5083x00260,West Beth
337,Nathaniel Garcia,alexadams@example.net,+1-477-968-2793,Shirleyhaven
338,Vanessa Johnson,davidthomas@example.net,3024563514,South Erikastad
339,Michael Wells,franklewis@example.com,001-459-946-6628x7047,Millsfort
340,Olivia Fox,csweeney@example.com,(897)923-8418x561,North Tashaville
341,Kyle Pennington,khutchinson@example.net,(932)747-7230x966,Port Christopherfurt
342,Melissa Wood,mthomas@example.net,5745014585,Graychester
343,Angela Maxwell,weaverjames@example.net,001-689-674-3016x2437,West Anthonytown
344,Miss Kristine Simpson,linda21@example.net,001-948-437-7745x07463,East Breannafurt
345,Suzanne Bennett,alandiaz@example.net,+1-640-817-3320x54188,Ashleyhaven
346,Elizabeth Mosley,michaelflores@example.org,810.808.7539,Ramireztown
347,David Jones,wlewis@example.net,731.512.8286,Christinaburgh
348,Larry Morales,qking@example.net,6875361859,Robertsmouth
349,Stephen Hall,hansenbrittany@example.org,(894)423-4434,West Janeville
350,Ariel Wilson,zjoyce@example.net,689-589-1019,Brownfort
351,Nicole White,prattwayne@example.com,361.568.7802,Lake Brian
352,Cindy Munoz,mwilkins@example.net,001-512-883-2703x65867,South Dannyfort
353,Deborah Williams,joseph23@example.org,967.811.2829,Brianfort
354,Laurie Flynn,turnerjeanette@example.com,(781)246-9778x755,East Allisonberg
355,Alexa Wood,jennifer40@example.net,748-949-8749x777,Port Maryberg
356,Ronnie Arnold MD,gregory65@example.com,967.550.6061,Smithberg
357,Eric Thomas MD,dawn75@example.com,927-203-1912x74412,Mirandaborough
358,Ryan Hartman,kristenpena@example.org,(230)483-7352,Valerieport
359,Jamie Kaiser,askinner@example.net,(945)578-0268,Allisonview
360,Steven Hammond,hrobinson@example.com,628.249.1803x333,Port Christophertown
361,Amy Miller,sonya07@example.net,+1-263-686-7958x414,Port Joseph
362,Robert Morgan,harmonjason@example.org,(794)803-6830,Nelsonport
363,Anthony Stevens,debbiecooper@example.com,428.225.1987x080,North Ricky
364,Jason Shaw,dwayne57@example.com,(748)713-7226,Mollybury
365,Sharon Perry,caitlin51@example.net,405.859.7586,Timothychester
366,Susan Roy,lnichols@example.com,001-792-650-8232,South Jennifer
367,Kyle Rogers,gloria84@example.org,897-483-9726,West Richardport
368,Kimberly Richardson,usummers@example.net,743.990.8215,West Nancyport
369,Grant Hernandez,ebarnes@example.com,5594994772,Warnerview
370,James Vargas,hmaynard@example.net,7135876014,East Brucehaven
371,George White,stephanie49@example.org,+1-803-933-5884x70355,East Ricky
372,Troy Jones,carolynmarquez@example.org,(478)266-7919x196,Smithside
373,Zachary Martinez,gabriel28@example.org,001-853-917-0891x6499,North Jenniferside
374,Craig Petty,elijah68@example.net,001-679-976-5746x140,Gilmoreborough
375,Andrea Davis,omarsh@example.com,001-383-866-2592,North Veronicaton
376,Michelle Lang,victoriajohnson@example.net,337-991-2383x68106,Kimton
377,Elizabeth Mendez,johnsonamy@example.net,690-241-8055,Amberville
378,Robert Hill,chase31@example.com,550.553.8607x7086,Carsonport
379,Maria Davis,xdavis@example.net,425-867-1013x9445,Simmonsshire
380,Sydney Bonilla,caitlin14@example.com,279-772-6496x563,East Jamesville
381,Jennifer Peck,christinajackson@example.net,+1-361-317-8010x967,West Melissa
382,Karen Cisneros,andrea95@example.com,8805269036,West Breanna
383,Brandy Colon,ryan65@example.org,+1-944-248-0934x5092,Collinsberg
384,Justin Stein,wallen@example.org,001-553-656-0656,North Aaron
385,Nicole Fischer,wcrawford@example.org,001-725-735-0230x30304,Justinland
386,Louis Gutierrez,zpace@example.com,(789)284-8881x343,New Ellen
387,Stanley George,amberspencer@example.com,616.286.9505,New Cody
388,James Brooks,erika05@example.com,(738)826-5299x21380,Stephanieville
389,Ashley Arnold,bill56@example.org,722-946-6631,Hoovertown
390,Shannon Baker,elittle@example.org,551.997.6932x035,North Marialand
391,Joann Peterson,johnsantos@example.net,868-956-6639x4709,Timothyborough
392,Robert Butler,dwhite@example.org,+1-263-712-2681x49010,Port Vanessa
393,Theodore Nguyen,anthony18@example.com,001-562-571-2504x14921,North Andrew
394,Michelle Meyer,dawnwhite@example.com,2888930304,West Steventon
395,Kevin House MD,angela83@example.net,3573648728,Davidtown
396,Christopher Vazquez,angela13@example.com,(742)714-8845x7160,North Gail
397,Joseph Gates,sandra49@example.net,001-326-487-8888x558,West Amber
398,Jason Williams,tthompson@example.net,8285293063,Gonzalezburgh
399,Daniel Burch,omitchell@example.org,628.582.4318,Juliastad
400,Patrick Jackson,jaredlarson@example.net,599.312.3191x734,New Matthewton
401,Pedro Snow,williamhumphrey@example.org,(894)537-5474x0260,New Ryanberg
402,Tamara Stevens,danielramos@example.com,+1-580-208-4211x824,Hannahview
403,Daniel Galvan,sarah42@example.net,001-891-792-2957x13473,North Tricia
404,Bryan Rangel,meghanwilliams@example.net,4568287942,North Adam
405,Angela Barnes,grahamjennifer@example.org,340-635-6102x67377,North Jennaburgh
406,Leah Aguilar,shepherdkaren@example.com,001-372-380-0941,Davisberg
407,Mary Nelson,joseph27@example.net,657.782.3940x5634,West Teresamouth
408,Kristin Williams,cmoore@example.org,+1-627-608-0801x13907,Lake Daniel
409,Katrina Cox MD,thomaswoodard@example.com,(468)214-3556,Emilymouth
410,Brooke Peters,fowens@example.org,+1-829-599-2795x0553,Heatherberg
411,David Alexander,ujones@example.com,001-281-521-4434x2457,Lake Anthony
412,Elizabeth Nelson,lclark@example.net,(352)373-9560x902,Amandaview
413,Amanda Davis,jennifer93@example.net,550.848.1467x8965,North Kevin
414,Shawn Berry,michaelkrause@example.net,784.219.1406x78939,Lake Sharon
415,James Larsen,coleevelyn@example.org,001-763-894-9150,Stacychester
416,David Gilbert,jamesreed@example.org,001-869-950-6964,West David
417,Richard Barker,ghartman@example.org,001-288-533-8046,Port Williamborough
418,Ashley Morgan,brownshawn@example.org,469.290.3239,West Heather
419,Sarah Lee,burkerobert@example.org,+1-764-253-6612,Port Gail
420,Mary Short,travisrodriguez@example.org,+1-686-464-7254x27364,Smithstad
421,Ethan Oliver,lsmith@example.com,(274)539-0485,New Brett
422,Andrew Lutz,wreed@example.org,9802269086,Tapiaborough
423,Brittany Daniels,maryterrell@example.org,877-678-2789,Williamsberg
424,Mr. James Barr DVM,bentonkenneth@example.net,5434808851,East Jonathanburgh
425,Ashley Ponce,christinagarrett@example.org,279.566.0114x6391,Lambertshire
426,Lorraine Martinez,nelsondennis@example.net,(860)436-1076,Victoriaview
427,Diane Lopez,jacksonangie@example.com,001-219-526-9360x68705,Jordanborough
428,Amy Taylor,amy42@example.org,001-554-505-8768,Lake Kyle
429,Kenneth Paul,jessica26@example.org,+1-473-859-0556x8535,Cindyton
430,Carrie Bailey,wjames@example.org,818.796.4112x227,East Davidchester
431,Donald Hunter,fordjames@example.com,768-412-4141,Scottland
432,Danny Martinez,ashleycastillo@example.com,001-557-513-8474x0669,North John
433,Elizabeth Woods,mollysmith@example.net,995.788.0862x7265,Mirandafurt
434,Courtney Webb,orobertson@example.com,426-868-7159x56039,New Brendan
435,Michael Greer II,vpark@example.net,(498)242-3404,Snowfort
436,Ronnie Rodgers,jacksonrobert@example.com,+1-999-480-0756x0990,South Jeffrey
437,Jeff Hale,donald97@example.com,+1-434-615-6915x14365,Parkertown
438,Anthony Garner,gordonjennifer@example.org,240-588-7183,Lauraview
439,Sarah Moore,guzmannicholas@example.org,(240)322-5872,East William
440,Brittany Hobbs,johnsonjessica@example.org,001-545-718-6249,East Shawna
441,Leonard Villarreal,lisabennett@example.net,(869)262-0488x32103,East Larryberg
442,Sierra Brown,edwardsjames@example.net,566-646-8350x60824,Bradleyview
443,Jerry Mcdonald,scottstrong@example.com,001-729-415-0965x8288,Matthewbury
444,Amber Price,munozcheryl@example.net,+1-741-953-6518x6110,Nicholasfurt
445,Emily Young,angela09@example.org,853-592-8422,Cathymouth
446,Jon Stokes,smiller@example.org,(810)459-7829x0411,Osbornfort
447,Wanda Mitchell,hnichols@example.org,(430)725-9708x118,Allisonmouth
448,Annette Wolfe,icooper@example.org,+1-688-256-9510,Jenniferland
449,Garrett Wilkerson,lebryan@example.org,001-833-400-3970,Amyborough
450,Keith Robinson,michele45@example.com,959-979-0399x39578,Turnerhaven
451,Denise Ochoa,walkereileen@example.org,+1-832-253-7434x2106,Cooperport
452,Dr. Crystal Thomas,jclark@example.net,(247)218-6999x9288,Bradleyton
453,Miranda Nguyen,whitakermichael@example.org,438-612-8012,Lake Bobbychester
454,Kelly Hansen,medinamichael@example.com,(872)839-6145x9634,South Michelle
455,William Tran,lee45@example.com,627-656-3566x159,Sherryside
456,Patricia Green,qadams@example.net,+1-647-349-0744x87903,New Amy
457,Nicole Jensen,reedbrittany@example.net,001-488-658-0506x31783,West Jesse
458,Anita Vazquez,elizabeth58@example.net,765.622.2937x8629,Jenkinsfort
459,Pamela Kline,nicholas49@example.com,902-427-3652,Blackburgh
460,Lisa Nelson,heather46@example.net,575-253-7680x812,Port Brandiport
461,Derek Lewis,rhernandez@example.org,001-842-984-3905x3185,Beanland
462,Michelle Barr,rmccoy@example.org,693.714.8117x450,Lake Christy
463,Sara Smith,curtisrebecca@example.net,001-387-942-4262,South Christine
464,Karen Jefferson,franknguyen@example.org,4866988269,North Tinaport
465,Alexa Berg,michelle95@example.com,964.337.8796x689,Port Susan
466,Samantha Sharp,jacob39@example.com,+1-562-894-0168,North Matthew
467,Erin Black,schneiderelizabeth@example.net,976.822.0580x97185,Michaelhaven
468,Phyllis Newton,peter03@example.org,605.822.6814,Kimbury
469,Matthew Rodriguez,lbrown@example.org,939-531-4241x8282,Johnsonhaven
470,Jordan Smith,travis22@example.net,(238)978-4255,North Sethmouth
471,Lori King,ssullivan@example.net,001-246-715-0898x64396,North Johnchester
472,Todd Anderson,scottbell@example.net,6795439654,East Ashley
473,Mary Perez,taylorchristopher@example.com,899.877.2916,New Angelastad
474,Jessica Gomez,hsmith@example.org,001-401-644-1341x98096,Grayland
475,Vicki Cox,gomezadam@example.com,001-870-588-2620x4379,West Lauraton
476,Richard Riggs,albert93@example.com,(637)698-2028,Thorntonport
477,Chase White,zmendoza@example.net,(218)541-1686,Ronaldport
478,Kurt Myers,pottsbrandy@example.com,657-815-3383x95969,New Angela
479,Dawn Pittman,ashley65@example.org,657-479-8983x70478,North Kenneth
480,Roberto Garcia,tbrown@example.org,+1-393-210-3841x27527,South Timothy
481,Brittany Steele,lnguyen@example.com,+1-521-871-9776x556,Tammymouth
482,Jodi Beasley,david36@example.net,(642)970-9641,Patelmouth
483,William Ramos,ashleyford@example.com,669.667.5117,Smithside
484,Adam Bradley,mmartinez@example.com,810.861.9469,East Jennyhaven
485,Patricia Bailey,carolynbrewer@example.org,+1-799-605-4876x28743,Edwardfort
486,Jason Novak,kathleen42@example.net,001-490-564-4527,South Rodney
487,Taylor Ortiz,sarahingram@example.com,451-353-4714x067,Johntown
488,Katelyn Reynolds,friedmanashley@example.org,429.897.7823,New Ianborough
489,Joseph Campbell,shawnaelliott@example.net,001-369-841-4828,Cindyhaven
490,John Williams,christopher81@example.net,6927652444,Lake Daniel
491,Kevin Hogan,davidwilliams@example.com,966.579.1631,Port Amberchester
492,Jared Hernandez,keith29@example.com,001-653-728-0329x717,Lindaberg
493,Matthew Smith,ryanmonica@example.net,001-470-862-8063x123,North Angela
494,Courtney Jennings,scottmontoya@example.com,556.541.6316,South Feliciatown
495,Aaron Owens Jr.,xclark@example.com,675-978-9614x5897,West Pamela
496,Christopher Stevenson,trevorcook@example.net,(955)709-1674x64641,East Richard
497,Sarah Coffey,xmcdaniel@example.net,+1-248-380-5853x56417,South Jeffreyside
498,Thomas Edwards,kimberlymartinez@example.org,463-741-4901x0011,Freemanberg
499,Joshua Villa,jennifer46@example.org,(389)944-5590x1540,Lisafort
500,Dr. William Montgomery MD,michaeljackson@example.net,958-765-1879,Lake Troyburgh
501,Cynthia Vasquez,lhall@example.com,(670)388-1012x5827,Andrewshire
502,Samantha Juarez,phillipsdebbie@example.com,346-801-6361x5961,South Crystal
503,Melissa Mullins,xharris@example.net,842-696-5297x617,South Katherine
504,David Nguyen,martinezdustin@example.org,001-672-782-5055x236,Adamsfurt
505,Tim Rivera,mark88@example.com,504-431-7677x335,Petersonberg
506,Gregory Allen,douglas94@example.com,+1-786-322-1205x939,East Marystad
507,James Foster,wyoung@example.com,213-963-3921,Claytonbury
508,Stephanie Massey,wallen@example.org,556-333-6192x5576,West Zacharyberg
509,Laura Gonzalez,taylorpaul@example.com,595.464.7393x90324,Sueville
510,Jessica White,avilakelsey@example.net,558.823.3324,Kimberlyview
511,Jody Clark,caitlin03@example.net,(791)358-9404x6215,East Danielland
512,Shelby Cherry,marybowen@example.org,+1-711-305-6643x4057,Port Seanbury
513,Lindsey Bird,obrienchristine@example.net,536-294-1225x506,Lake Thomasmouth
514,Carrie Hudson,teresaross@example.net,772-459-9011x480,Haileystad
515,Brenda Hamilton,kmiller@example.net,609.350.9569,Josephchester
516,Charles Rhodes,jonathanreynolds@example.com,9448005723,New Kaitlyn
517,Madison Castillo,milleranne@example.net,4016158540,West Lisa
518,Linda Ali,steveperkins@example.net,5266322457,Port Kristenfurt
519,Melissa Morales,corycasey@example.net,9912744289,Evanstown
520,Crystal Boyle,isullivan@example.org,+1-952-838-2443x97088,Lake Sandra
521,Richard Collins,melanie89@example.org,+1-734-975-7752x580,Port Andrewbury
522,Christopher Sanders,hclark@example.net,001-241-710-6217x68830,South Brandon
523,Gina Johnson,ischultz@example.net,001-881-381-3657x6223,Simonchester
524,Jennifer Martinez,nicholaswilliamson@example.org,879.289.4541x86435,Bautistaside
525,Julie Adams,jameshess@example.org,(221)927-5110,Stricklandchester
526,Kathryn Hunter,thomasadams@example.com,263.310.5079,Port Justinview
527,Miss Marissa Walker,elizabethanderson@example.net,228-648-3056x249,Lake Brittanyville
528,Kathleen Wall,mcleandavid@example.net,+1-374-246-0139x1523,Stevenshire
529,Melanie Barnes,romandevin@example.net,+1-589-813-6048x35637,Lake Erica
530,Lisa Bailey,brucemosley@example.com,001-434-443-4600,New David
531,Erica Swanson,dcarlson@example.com,+1-869-987-8437x7637,Justinville
532,Cassandra Acosta,raymond88@example.net,+1-830-960-5496x2685,Port Kathyborough
533,Donna Hernandez,amandacain@example.com,224-822-4835x6338,Lake Eric
534,Patricia Campbell,jeremywilliams@example.net,(428)583-6996,Christopherstad
535,Nathaniel Barnett,junderwood@example.net,682.204.0450x487,Lake Julietown
536,Amy Turner,mariah25@example.org,735-387-2084x84135,South Sarah
537,Jason Kelly,robert69@example.net,435.369.4793x484,North Donna
538,Gary Torres,andrew66@example.net,(261)890-8363x566,New Kevinmouth
539,Jeffrey Kelly,walvarado@example.org,528-429-7054x24593,Jackchester
540,Theresa Green,roliver@example.com,001-847-784-0262x399,Richardborough
541,Tanya Russell,kphillips@example.net,(594)286-8619x996,Monicastad
542,Joel Burke,michael26@example.net,692-992-8772x29592,Alexanderberg
543,Melissa Aguirre,derrickclay@example.org,+1-378-210-8741x070,South Stephaniehaven
544,Ellen Rivera,william02@example.com,937.722.7790,Port Natashaside
545,Cynthia Jackson DDS,dmills@example.org,+1-300-862-1335x6399,West Brianchester
546,Kevin Gomez,nicole24@example.com,692.228.7068x4465,Jeremiahbury
547,Elizabeth Lawson,brettthompson@example.net,629-757-4990,East Andrew
548,Tracy Williams,hoganerica@example.org,688.304.3621,Priceland
549,Nicholas Anderson,zescobar@example.org,+1-640-200-2867,Justinborough
550,Sue Ferguson,tammy23@example.com,874.532.2023,Port Katherinehaven
551,Brenda Watson,raymond98@example.net,+1-315-868-5843x09274,North Bradleybury
552,Miguel Smith,clarkwesley@example.com,(745)821-7356,North Taylor
553,Melissa Cunningham,brandonwilliams@example.com,225.946.2265,North Jacquelineborough
554,Elizabeth Frederick,omckee@example.com,(242)663-5093x32585,North Kari
555,Stephen Kirby,pnicholson@example.net,499.346.0867x6293,North Dianemouth
556,Robin Downs,tbrown@example.com,+1-839-572-0390x755,Jamesshire
557,Christopher Williams,ellenjuarez@example.com,572.726.3374,Huntland
558,Kenneth Gardner,jennifer87@example.net,7675184702,East Emily
559,Anna Fischer,aaustin@example.com,+1-206-806-7463x56236,West Davidmouth
560,Jordan Hill,dixonalex@example.com,001-823-508-4062x33446,Lake Justinmouth
561,Dustin Cruz,patrickpage@example.org,635.246.6571x30112,East Jill
562,Elaine Hernandez,michaellopez@example.com,(686)903-0313x88783,Benjaminstad
563,Mr. Javier Williams,pfrancis@example.org,(396)351-8846,Port Frederickstad
564,David Jones,kelsey81@example.com,(344)624-2471,Amyview
565,Erin Gray,hillsarah@example.com,568-564-1056x80445,Brownhaven
566,Heidi Williams,znielsen@example.net,001-346-570-1064,Port Michelle
567,Susan Ali,fmartinez@example.org,727-312-2109x9806,Stevenshire
568,Jared Steele,diane96@example.com,6446120791,Brownfurt
569,Mr. Charles Martinez,jonesroy@example.net,489.829.7444x7082,Hansonland
570,Gina Spencer,fanderson@example.net,929.313.6437,Smithburgh
571,Elizabeth Hatfield,briannascott@example.com,(495)640-0545x4400,Lake Ian
572,Amy Spears,christinewilliams@example.com,+1-796-731-0811x15809,Stevenport
573,Angela Clay,linda96@example.com,691.235.0194x9590,East Kathleen
574,Nicole Best,donnanewton@example.org,(886)500-8912,Thomasbury
575,David Larson,greenjoseph@example.net,7202437401,Karenview
576,Lindsey Baker,markgreen@example.com,001-869-932-1296x5874,Stanleyberg
577,Susan Fisher,jason97@example.net,(868)488-6033x7362,Thomasfurt
578,Erika Carpenter,ruth25@example.net,657.204.4990x24451,New Walter
579,Christopher Bennett,robertsandoval@example.com,363-556-0945x64534,Port Robertport
580,Ricky Contreras,amysmith@example.net,(636)744-3841,Port Travisport
581,Anne Richardson,zlee@example.org,+1-462-506-7300,New Steven
582,Dr. Dawn Gutierrez,frances10@example.net,4309895919,East Timothy
583,Laura Miller,smitheric@example.net,637-740-9984,Smithstad
584,Raymond Wilson,christian45@example.org,(843)374-3537x34527,South Williamland
585,Kenneth Sanchez,savannahhoward@example.net,291.357.7457x8900,North Jessica
586,Nicholas Smith,nathanford@example.net,491.306.5155x645,East Andrew
587,Jamie Estrada,lauracole@example.org,(582)242-7098,Mcguiretown
588,Thomas Wilson,tiffanyfisher@example.org,(782)984-0684,Johnburgh
589,Jessica Arroyo,davidwolfe@example.com,(372)431-8776,South Aprilfurt
590,Robert Diaz,oanderson@example.net,001-349-889-9878x166,South Gregoryfurt
591,Christopher Simon,vgutierrez@example.com,610-579-7808x08091,New Amyville
592,Stephen Clark,vincentjoseph@example.net,001-354-217-0690,Lake Chelsea
593,David Scott,garciajohn@example.org,737-533-8420x03908,Beasleyburgh
594,Nathan Black,jamesperry@example.net,651.918.0817x96310,North Bruce
595,Nicole Monroe,larry43@example.com,9394468438,New Deannachester
596,Justin Davis,hollowaysylvia@example.net,4995774633,Rachelborough
597,Todd Butler,justinrussell@example.net,001-460-502-8664x21531,Wardstad
598,Catherine Joseph MD,zavaladaniel@example.org,430-882-6746x733,Eileentown
599,Brian Ruiz,leevictoria@example.net,(291)509-8525x15588,Ginashire
600,Andrea Mcneil,renee11@example.org,297.229.4421,Lake Maryhaven
601,Jordan Ballard,jacobmckee@example.net,382.564.5593,Johnstonfort
602,Mr. Jason Little,pageangela@example.org,911.856.2015,Bellborough
603,Dawn Hernandez,tracy85@example.net,001-669-554-8329x8105,Jonesborough
604,Terrence Adams,michael98@example.org,(292)885-4545,West Chris
605,Kristy Thompson,michael18@example.com,001-659-654-1732x805,Lake Andreatown
606,Holly Clarke,justinbarnes@example.com,814.841.0067,Duranville
607,Matthew Roth,efreeman@example.org,338-217-0116x896,West Victoria
608,Catherine Adams,zolsen@example.net,7666713784,East Margaretview
609,Sandra Jensen,andreamckinney@example.net,+1-796-649-2725x41390,Marytown
610,Jennifer Curtis,rachelstone@example.org,987.351.8441,New Jayfort
611,Jenna Gardner,carlsonjulie@example.org,397.212.7889x68798,Hartmanfort
612,Shaun Adams,amandawalker@example.org,(429)647-6764,New Amandamouth
613,James Robinson,peter20@example.com,650.295.6801x117,Davidsonstad
614,Anthony Miller,franceswalker@example.com,214.242.8050x5518,West Reginald
615,Mary Byrd,laurenscott@example.org,787.339.3157x435,West Antonioside
616,Renee Allen,frichardson@example.org,+1-374-565-9922,Johnsonmouth
617,Lauren Mendoza,kyle67@example.com,(939)742-5626x15927,South William
618,Gabriela Curry,robert57@example.com,(726)229-6465x3022,Tylerland
619,Jamie Shelton,frenchjasmine@example.net,+1-282-828-9344,East Melissa
620,Bianca Vasquez,jordanhumphrey@example.net,+1-952-315-7998x067,Brooksfort
621,Jennifer Choi,ichapman@example.com,001-838-889-8240,North Edward
622,Jody Perry,perezcharles@example.org,829.954.6767,Kellyport
623,Elizabeth Davis,hlewis@example.org,533-444-9166x839,Hamiltonborough
624,Elizabeth Lynch,hardinmichael@example.com,2487562894,Port Joshua
625,James Davis,tony38@example.org,001-332-709-8504,Hillshire
626,Joseph Rogers,ibrown@example.com,001-230-643-8265,Henryport
627,Brandon Bass,james27@example.com,+1-400-831-9347x243,Pooleborough
628,Angelica Sharp,lrobertson@example.net,675.402.8755x43047,Jenkinston
629,Joel Kramer,colleen37@example.org,381.995.1437x6378,South Haleyview
630,April Ortiz,johnmiller@example.com,6807953486,Adamton
631,Carlos Pruitt MD,brandonestes@example.net,470-807-3214,Lake Erinville
632,James Landry,lcollins@example.com,(326)670-2677x895,Loriport
633,John Cannon,catherine24@example.com,001-779-726-6635x24088,East Brendaview
634,Brandon Mccullough,mariah40@example.org,+1-392-225-3221x29365,South Hollyland
635,James Little,rbaker@example.com,+1-690-348-5884x30793,Deborahberg
636,Scott Morrow,kinglawrence@example.net,001-804-867-1683,Michaelborough
637,Chad Johnson,mhansen@example.org,750.788.1404,South Jennifer
638,David Valentine,jessicapeterson@example.com,001-687-336-6430x3985,Tamimouth
639,Darren Hall,gprice@example.org,356-957-4456,West Robinfurt
640,Dr. Brittany Reed,hlozano@example.org,001-546-857-1810x416,Lake William
641,Katherine Rios,mbest@example.net,001-997-217-5364,Port Tiffany
642,Stephanie Johnson,sarahfrancis@example.net,(720)591-8578x1874,New Nancy
643,Andrew Bell,yturner@example.net,464-788-4658,Sheltonland
644,James Robinson,fhill@example.net,228-841-0773x8888,Timothyfurt
645,Annette Weaver MD,chrisgarcia@example.com,9628792981,East George
646,Yolanda Blackwell,olawson@example.com,973.650.2426x004,Petersenborough
647,Christopher Henderson,webbjames@example.org,266.345.3090x402,Timothybury
648,Anthony Reynolds,chelseamurphy@example.org,001-218-803-5374,Ericland
649,Sandra Hughes,atkinschad@example.org,+1-812-479-1758x317,New Kerri
650,Wesley Ortega,butlerholly@example.org,449.772.7215x455,South Colleenhaven
651,Stephen Shepard,sdecker@example.com,825-682-5027x2790,Martinport
652,Connor Reyes,kyle31@example.org,914.567.1183,Hillberg
653,Thomas Bryant,kaufmanphilip@example.com,693-878-5373x5375,Bradleybury
654,Theresa Gomez,davispatricia@example.com,+1-980-321-2600,Roachfurt
655,Cynthia Mitchell,johncruz@example.com,+1-210-579-7491,Andrewside
656,Kyle Becker,wrussell@example.net,623-552-4429x70572,Owenston
657,Brandon Bryan,denniscline@example.org,749-478-7932x2535,Emilyport
658,Brian Williams,cathy01@example.net,001-269-816-1655x44091,West Suzanne
659,Savannah Lee,tmcgee@example.org,(712)412-7373x48059,Williamton
660,Sarah Davis,eboyd@example.com,219-780-8359,South Saraville
661,David Oneal,salvarado@example.org,001-795-819-8584x453,Georgeview
662,Bradley Scott,wigginsshannon@example.net,(452)840-5746x4323,Carolineborough
663,Stephen Buchanan,shanemassey@example.net,+1-681-641-4596x88107,Estradastad
664,Amy Thomas,wrichards@example.com,+1-697-937-6008x075,East Grace
665,Anne Simpson,brittanyhudson@example.org,401-294-8753x916,Johnsonport
666,Thomas Fuller,daisyadams@example.net,001-934-764-5210,Keithburgh
667,Amanda Ford,annarivera@example.net,001-730-944-8151,Amandashire
668,Megan Shaffer,moniquebarajas@example.com,(578)211-8340,Port Terri
669,Carl Faulkner,racheljenkins@example.org,390-741-8567,West Lindsayfort
670,Brianna Frazier,bradfordmartin@example.org,856.347.7913,South Amanda
671,Cristian Miller,spencerjessica@example.net,(562)680-0459,Brockmouth
672,Lisa Abbott,tuckermeagan@example.com,642-612-3031,Smithtown
673,Chad Garcia,krandolph@example.net,652.552.3205x74526,North Heatherville
674,Matthew Roberts,browningsheila@example.com,218-332-3222,Jessicamouth
675,Richard Hayes,maria13@example.org,416-962-2045x324,Lake Patricia
676,Misty Harris,syang@example.net,001-710-983-9738x04575,Port James
677,Jonathan Sanchez,paulaavery@example.net,583-350-7413,Brownbury
678,Bradley Marsh,franktamara@example.com,499.339.8065x4827,West Benjamintown
679,Diana Newman,pknox@example.com,001-787-987-5548,Ramirezstad
680,William Campbell,cookjessica@example.net,001-214-709-3078x5177,Karenville
681,Ashley Coleman,thomasdaniel@example.com,496.809.0099x6189,Joshuaborough
682,Jeremy Glass,levytiffany@example.com,(797)575-6854x31990,Port Malikhaven
683,Emily Wright,ohenderson@example.com,9667543268,Michaelburgh
684,Michael Cardenas,hjordan@example.org,+1-590-931-0180x75650,Jennifertown
685,Curtis Caldwell,thompsonkatelyn@example.org,266.992.7225x54786,Port Bethchester
686,Steven Gomez,robert82@example.net,+1-966-901-0985,South John
687,Kristy Hess,mariacoleman@example.net,(961)774-6148x6688,Lake Ashley
688,Jon Harris,jonathanthornton@example.net,487-976-8363x86837,Chapmanchester
689,Joseph Summers,bridget05@example.net,302.338.6586x2113,Stevenmouth
690,James Jackson,nsmith@example.com,+1-731-270-5844x439,New Joshuafurt
691,John Watts,thomasjacobs@example.org,(933)622-4838,Moodybury
692,Dawn Conrad,brittany00@example.com,001-853-216-8899,South Cherylstad
693,Stephen Hodges,brittanypage@example.com,+1-396-445-4985x3633,Catherinechester
694,Kimberly Evans,christinamckenzie@example.org,(594)649-6787,Brownborough
695,Elizabeth Ramirez,hholmes@example.com,329.333.9189x4763,South Joseph
696,Andrew Tucker,brandoncross@example.com,536-529-3249,Lake Justin
697,Shannon Goodman,tammy36@example.net,957-242-9330,Stephanieburgh
698,Haley Rodriguez,rebecca84@example.net,478-602-7085x566,Kimberlyburgh
699,Jonathan Yates,mcfarlandcory@example.com,+1-454-655-4754x80432,Port Jennifer
700,Andrew Davies,michellesmith@example.com,762-867-7966x8182,Velezfort
701,Audrey Walker,kathryn42@example.org,333.883.5718x6681,Michaelport
702,Rebecca Hurley,mjimenez@example.com,001-674-562-9572x99905,Lake Markport
703,Amy Ramsey,donnaburgess@example.com,757.562.6031x10954,Dodsonbury
704,Melissa Berger,kennethjackson@example.net,+1-545-528-1136,Kathrynburgh
705,Angela Melendez,ycarey@example.com,322.863.8928,Gravesmouth
706,Michael Moss,griffinmarcus@example.net,317.423.4073x39231,Dixonton
707,Ashley Sampson,dixonjohn@example.com,001-636-567-4073x35467,East James
708,Carla Pacheco,tiffanysmith@example.net,(833)286-9848x7949,West Benjamin
709,Debra Wilkins,gbennett@example.com,7597495645,New Amy
710,Vanessa Lewis,amandamiller@example.com,(483)869-9491x00351,New Ryanfort
711,Robin Myers,james58@example.net,809-356-1917x285,South Branditon
712,William Willis,brandybarker@example.com,001-877-852-8677x765,Marshallchester
713,Ellen Hensley,mcleankeith@example.org,541.405.4183x3709,South Jeffrey
714,Lindsey Estes,gregorybeltran@example.net,354-809-8224,Laneside
715,Steven Campbell,heberteric@example.org,(604)919-4824x92198,Lake Cynthiachester
716,Benjamin Davis,lopezlindsey@example.org,309.867.4220x1027,Lorettaview
717,Johnny Mccoy,jennifer36@example.com,+1-797-815-8482,New Amyville
718,Mikayla Rodriguez,wbarajas@example.com,978.749.1334,Wellstown
719,Amanda Cole,longpatrick@example.com,664-853-8371x772,West Christopher
720,Lisa Garner,tguzman@example.net,+1-637-615-6233x37310,New Aaronstad
721,Christopher Nunez,mary83@example.net,932-949-8922x62342,New Lisa
722,Cassandra Mayer,kathleen47@example.com,502-756-9721x00630,New Phillip
723,Noah Stevens,reedclaudia@example.com,(328)429-6094x1083,Cookton
724,Kristina Evans,jordan27@example.org,756-228-9487,North Georgefurt
725,Amy Boyer,vnelson@example.net,001-807-995-2064,Tabithashire
726,Katelyn Tapia,shawnnelson@example.net,260-428-3131,West Luishaven
727,Tracy Williams,williamsryan@example.org,(651)660-3662x57596,Jacksonmouth
728,Carlos Mcneil,jaredlawson@example.net,245-287-1022x737,Jamesfurt
729,Elizabeth Johnson,margaret61@example.org,(436)762-5487x56333,Ericborough
730,Lisa Garcia,msmall@example.com,(376)292-3038x140,Port Rachel
731,Joel Ferguson,carlsonrichard@example.com,844-338-2777x819,Khanport
732,Glen Ruiz,fwheeler@example.org,001-361-671-4846x487,Toddchester
733,Jack Rodriguez,robertohoffman@example.org,219-561-4346x0721,Jacobburgh
734,Richard Johnson,david54@example.com,(453)845-8952x0886,Thorntonshire
735,Martha Nolan,sandragonzalez@example.com,492-779-0001x53360,Port Christopher
736,Kevin Sosa,tmaynard@example.net,446-469-2799x26895,West Julietown
737,David Dunn,brogers@example.com,628-966-3524,Lake Kimberly
738,Jennifer Hebert,william50@example.net,7335321839,Coreystad
739,Justin Wall,churchcarl@example.org,8016144079,Langside
740,Charles Edwards,rodriguezscott@example.com,(961)463-7640,Medinaberg
741,Joshua Green,david16@example.org,923-948-4849x9311,Whiteton
742,Patricia Escobar,palmershane@example.com,985.254.4596,Wrightside
743,Steven Fisher,jenniferallen@example.net,001-728-313-0280x57614,South Lauraburgh
744,Joel Mckinney,stoneamanda@example.net,(302)260-4219x91360,North Richard
745,Michael Franklin,bradcooper@example.org,384.369.4779x954,Kingview
746,Matthew Sanchez,dawnosborn@example.net,(895)256-9677,Williammouth
747,Harold Santos,vbrown@example.net,(276)776-7737,Colemantown
748,Nathan Skinner,jennifer61@example.org,(347)318-0246x5687,Kennethborough
749,Jennifer Holmes,vharrell@example.org,001-621-674-1753x7652,East Ericland
750,Angela Martinez,owelch@example.net,200.217.8693x738,East Charles
751,Richard Beasley,elliottheather@example.com,821.452.7298x7692,Lake Charles
752,Tyler Rodriguez,thomas52@example.org,+1-238-273-0885x7437,Heatherton
753,Vanessa Hughes,michellewolfe@example.net,768.641.6479x383,New Charles
754,Courtney Singleton,lbecker@example.net,2483384896,Jacksonville
755,Justin Nelson,robert60@example.net,(317)783-3624,Gilberthaven
756,Sonia Grimes,reedaaron@example.com,876.587.8838x93810,New Jason
757,Samuel Wilkinson,davisrobert@example.com,(871)722-4193x1324,North Ryan
758,Dana Bentley,kmartin@example.org,2964631074,Christophershire
759,Elizabeth Fuller,henry76@example.com,+1-968-496-1273x00053,Sarastad
760,Randy Stewart,nbowen@example.com,734-207-5059x588,Port Christopherfort
761,Daniel Wolf,martinezmelissa@example.org,428-837-0660,South Douglastown
762,Katherine Ramirez MD,mary52@example.org,001-372-294-9007,Port Dominique
763,Dominic Shannon,driley@example.org,554-611-7941,North Kristiberg
764,Amanda Phillips,bellrebecca@example.com,001-317-201-1080x78165,Patelhaven
765,Edward Flores,carpenterscott@example.net,859.764.5789,West Douglasfort
766,Mr. Steven Carroll II,veronica48@example.org,001-785-929-1340x400,Lake Maria
767,Michael Mahoney,jacksonjessica@example.net,(722)871-7161x41989,South Elizabethville
768,Michael Kelley Jr.,jeffrey94@example.org,+1-700-750-3962x318,Justinmouth
769,Zachary Cunningham,gerald14@example.com,378.805.8216x9243,Garrettchester
770,Patricia Logan,julia63@example.org,001-716-990-5961,Dominicberg
771,Elizabeth Grant,wrhodes@example.net,(388)595-5817x18690,Lewiston
772,Sally Allen,johnsonjohn@example.com,(971)774-5395x17853,Campbellstad
773,William Mcdowell,michael27@example.org,4368865748,Lake Samantha
774,Kara Arellano,kayla86@example.org,(926)725-3481x448,Smithmouth
775,Steven Schneider,kennethhawkins@example.org,3022620352,Michaelland
776,Aaron Obrien,tonya14@example.com,(292)681-2409,New Davidburgh
777,Jeffrey Wilson,boyermichael@example.org,472-798-3272x88839,Robertshire
778,Jason Salas,wperry@example.org,(586)601-8068x151,Port Ethan
779,Thomas Rasmussen,aberger@example.net,001-705-288-8896x61188,Annaville
780,Steven Armstrong,krichard@example.org,732-682-3378x57973,Laneberg
781,David Payne,miranda14@example.org,988.672.3770,East Angelaview
782,Robert Jennings,gordonrobert@example.org,936-521-3133,Jesseland
783,Adam Miller,qbrown@example.net,+1-627-216-2543,Andrewbury
784,Matthew Young,christine15@example.com,570-302-4847,Hernandezborough
785,Tim Holloway,nharrison@example.org,001-498-753-8528x516,Goldenhaven
786,Johnathan Harris,fdavies@example.org,941-269-1557,Lake Crystalshire
787,Samantha Walker,triciaerickson@example.org,(656)657-2857,West Jessica
788,Kathleen Jones,kristinrogers@example.com,959-705-2752,Smithshire
789,Tracy Chase,brewerandrew@example.com,409.763.2112x5745,West Timothy
790,Andre Hawkins,gouldaustin@example.org,249-425-7719,West Wandaside
791,Brenda Haas,deborah61@example.com,967.203.9838x3948,East Michaelberg
792,Darrell Juarez,cking@example.com,+1-309-303-2993x37756,Franklinville
793,Kyle David,donald73@example.net,664.693.1956x00891,East Jared
794,Ashley Hodge,moralesdylan@example.com,(745)292-7818,Lake Philipport
795,Raymond Ramos,xperry@example.net,001-659-339-4095x0935,South Jamesmouth
796,Karen Johnson,alice45@example.org,(237)241-3499,Michaelburgh
797,Melissa Williams,susanterry@example.net,773-644-8619,Edwardsfort
798,Paula Gonzales,zrodriguez@example.org,912-562-4579,Jessicaville
799,Matthew Olsen,gprince@example.com,675.419.3905x262,North Veronicaport
800,Jeff Perez,morgandanny@example.net,7868512474,North Marie
801,Mark Waters,davidmiller@example.com,(665)644-2247x20270,West Marie
802,Kristina Brown,michaelfry@example.net,394.978.3168x19014,East Stacey
803,Peter Lopez,jdeleon@example.net,001-326-852-2055x6177,Sarahside
804,Aaron Brown,kevinmerritt@example.org,(549)317-8472x1016,Krystalmouth
805,Antonio Cummings,breweramanda@example.org,(532)422-6139x2009,South Gregoryland
806,Cassandra Richardson,brandonwest@example.com,+1-475-798-0498x96615,Paulmouth
807,Alicia Black,courtney86@example.net,+1-538-673-5726x944,North Williamland
808,Randall Wilson,courtneylucas@example.org,001-957-357-6360x024,South Waynefurt
809,Katrina Ortiz,friedmantimothy@example.org,+1-480-295-2480x4711,Lake Sandramouth
810,Marcus Thomas,jonathan49@example.org,+1-642-828-8251x845,South Christopher
811,Holly Moses,desireesnow@example.com,378-454-2078x70190,Lake Brandonmouth
812,Valerie Davis,cedwards@example.com,665.493.1340x3360,North Amytown
813,Mary Wood,josephdavis@example.org,(850)285-7353x864,Tonyborough
814,Brianna Larson,lisa08@example.net,001-821-383-8569x815,West Amy
815,Terry Coleman,rebecca50@example.org,540.825.0134x6557,East Craigburgh
816,Daniel Jackson,christinathompson@example.com,4886419408,Haleview
817,Gary Coleman V,eric39@example.net,4669379541,Blackmouth
818,Heidi Oliver,hughesrussell@example.net,356-920-3966x546,New Diamondborough
819,Laura Nunez,davidpatel@example.net,(447)910-5836,Castilloshire
820,Joshua Cox,tmiddleton@example.net,001-738-976-7379x9702,Shawshire
821,Daniel Boyd,aaronflores@example.org,910-985-2618,Cruzshire
822,Melissa Garcia,jcooper@example.com,246.262.5212x7456,Delacruzfort
823,Autumn Lyons,michelle69@example.net,001-286-237-8915x04010,Port Josephside
824,Robert Castillo,rickallison@example.com,+1-256-930-9659x074,Rachelstad
825,Alexandra Martin,heidichapman@example.net,001-510-272-1432x4435,Richardbury
826,Jeremy Allen,sara25@example.net,597-459-9530x179,Port Sarah
827,Stephen Miller,kelly59@example.net,958-875-2448x8218,Ruizfurt
828,Gloria Davis,yross@example.com,398.931.0480,Hartchester
829,Jeffrey Skinner,wendyhunter@example.net,+1-326-881-2781,Stephanietown
830,Candice Butler,romeromartha@example.org,001-761-257-0908x222,Michaelfurt
831,Yvette Flynn,bmarks@example.com,846-747-5249x021,Port Andrewstad
832,Sergio Harris MD,samantha20@example.com,(654)563-0310x02628,Dudleyville
833,Michael Walker,pateljames@example.com,+1-649-429-2953,East Adamville
834,Tony Wells,ginavaldez@example.com,509-711-0766x74085,Simmonsmouth
835,Stephanie Burns,karen37@example.com,001-592-827-4254x857,New Jeffreybury
836,Emily Wilkinson,jacksonbrad@example.net,+1-835-286-3380,New Ianville
837,Maria Mitchell,coletaylor@example.net,270.533.7338,Wileymouth
838,Teresa Murphy,shaynes@example.net,(774)441-1521,Bradyville
839,Barbara Craig,tlawrence@example.com,218.238.4474x2694,Lake Erica
840,Angela Jenkins,davisscott@example.com,660-501-8026x9848,Robinville
841,Ashley Gilbert DDS,wilsonbenjamin@example.com,8907603937,Lake Stevenchester
842,Brittany Martinez,nicole48@example.com,(348)858-3031,Nelsonfort
843,Steven Moore,fholmes@example.com,001-868-475-6897x743,Ayersview
844,Matthew Oconnor,robert80@example.org,624.656.5831x46441,Conwayburgh
845,Alan Anderson,heatherrobertson@example.com,430.568.8977x142,Lake Donna
846,Lori Johnson,tiffany35@example.org,686.389.9546x0588,East Laurie
847,Brittany Barnes,boonelaurie@example.net,5843700620,New Haydenbury
848,Kathleen Martinez,nbrown@example.org,001-783-855-2799x235,North Amyhaven
849,Kristin Garrett,rodrigueznatalie@example.org,+1-328-944-0246x4338,East Adam
850,Michael Smith,kelly07@example.org,382.709.4115,New Chrisfurt
851,Toni Mcclure,hancockkristi@example.com,925.792.2721x71333,New Andrew
852,Christopher Davies,lopezchristopher@example.org,7286524356,New Jessica
853,Jennifer Reyes,kyliebates@example.net,(627)400-0239,Heidiburgh
854,Tonya Melton,leblancjoshua@example.com,001-816-795-1787x5707,Waltersfort
855,Nicholas Romero MD,dominic58@example.org,001-428-792-7256,Lake Billy
856,Michelle Wyatt,mcfarlandshannon@example.com,(837)464-2146x26306,Davenportside
857,Julie Jones,kingnicholas@example.net,+1-574-635-3066x59077,Rebeccatown
858,James Cole,fdelacruz@example.org,(739)496-8919x29445,North Caroline
859,Darlene Walker,loristafford@example.com,640-294-9781x53154,Blairview
860,Jacob Burns,jwilliams@example.org,9124881232,West James
861,Jeremy Melton,shannon92@example.com,+1-953-586-3856x36574,South Tanya
862,Jessica Keller,warnererik@example.com,854.486.1978x6199,Johnsonton
863,Sandra Hall,npierce@example.com,(350)501-8139x98504,Zacharyview
864,Jeffrey Gilbert,johnstonrichard@example.org,479.970.8115x4302,Griffinfurt
865,Jenna Sanchez,richardperez@example.com,+1-342-900-4479x07078,Cooperville
866,Maria Munoz,brewerisaac@example.org,592.712.8861x76088,South Jacquelineville
867,Emily Pierce,elliottjames@example.com,(541)862-1148,Barnesberg
868,Christopher Garcia,villegasstephanie@example.com,+1-237-291-9360x983,North Brianna
869,Toni Lloyd,jason10@example.org,6164254262,Meganberg
870,Robert Payne,janicegross@example.org,(591)617-9991,Lake Kristin
871,Aaron Miller,johnparrish@example.com,845.750.1054,Amystad
872,Michelle Hurley,luis52@example.com,374.867.1833x3502,Gregoryland
873,Maria Thompson,robertjennings@example.net,+1-406-451-2397x61325,West Emily
874,Joel King,alvaradogregory@example.com,460.330.4073x796,Port Patricia
875,Harry White,michael18@example.org,996-788-3478x207,Chandlerfort
876,Jillian Flores,cthompson@example.org,+1-480-939-1653x48260,Sheppardville
877,Ryan Bowman,mmason@example.org,788.705.6385x35603,Pottstown
878,Daniel Garcia,ygibbs@example.net,(920)597-8919,Lake Timothyberg
879,Jeremy Johnson,lwilliams@example.org,604.445.2387x0837,Christophermouth
880,Joseph Foley,prestonbeck@example.net,001-354-898-9943x852,New Jason
881,Jason Keller,saralopez@example.org,9709725399,West Jasonfort
882,Mark Anderson,christophernewton@example.net,+1-926-387-3206x0683,East Linda
883,Hayley Farley,ortegadaniel@example.net,848.463.1866x8232,Port Jonathanhaven
884,Andrew Tran,zgarza@example.com,700-245-4261x3657,Andreafort
885,Ashley Williams,waltersdean@example.com,001-659-879-4050x742,Amyville
886,George George,watersamanda@example.net,001-916-981-8569x9634,Rachelton
887,Terry Davis,owu@example.com,001-984-861-5670x0334,Lake Morgan
888,Douglas Guerrero,timothy41@example.org,+1-261-293-3141x796,Smithfurt
889,Rachel Rosario,stacey92@example.org,910-946-1228,Masseyburgh
890,Terry Goodwin,denise33@example.org,991-646-5695x4809,New Jamesview
891,Janice Hawkins,bcampbell@example.org,857.827.1274,South Kyle
892,Keith Roberts,traci13@example.com,753-993-1165x628,East Matthewton
893,Jeffrey Nichols,aprildillon@example.com,6638591030,New Ryan
894,Kimberly Diaz,brettwilson@example.org,9634191935,Lake Michaeltown
895,Rachel Middleton,bryanttiffany@example.org,707.618.6246x6437,Stoneburgh
896,William Dean,janetholmes@example.net,966.880.3820x62784,Lloydbury
897,Martin Vasquez,brandon15@example.com,641-374-7839x274,New Georgechester
898,Ashley Santiago,tammylawson@example.com,(368)676-2171x0187,Lopezburgh
899,Christian Jarvis,cjones@example.org,(329)407-7468x5204,North Michael
900,Barbara Wheeler,kathleenrowe@example.org,(776)573-9538x511,South Mariomouth
901,Brittany Phillips,sjohnson@example.org,(429)728-1645x58670,Markfort
902,Christina Adams,oliverjulia@example.net,884-873-6579x11033,East Angelaville
903,Bonnie Martin,thompsonangelica@example.net,+1-398-754-9328x056,South Donnaport
904,Sandra Wood,matthewhunter@example.org,309.244.8443x327,Johnsonfurt
905,John Avila,wpoole@example.net,763-289-3095,North Charlesport
906,Dale Snyder,wpatel@example.com,001-686-312-6047x4127,New Brian
907,Ruth Perez,nowen@example.org,001-824-937-4496x35951,South Matthew
908,Andrew Mitchell,qmoreno@example.org,+1-958-389-2761,Jenniferhaven
909,Laura Yang,sedwards@example.com,(333)823-8256x2348,West Blake
910,Whitney Frost,meredith48@example.org,366.860.3844,Port Matthew
911,Mark Eaton,lovemaureen@example.com,+1-617-939-3650x17610,Andersontown
912,James Allison,alexmeyer@example.net,(616)249-4000,Gallaghertown
913,Veronica Perez,brad35@example.com,8465258316,Hollandland
914,Lori Anderson,biancaholden@example.com,001-267-769-3589x0740,Port Robertburgh
915,Charlotte Bass,kathryn71@example.org,869-874-1722x3061,West John
916,Shelley Joseph,hwright@example.com,506-870-1017,Jessicaton
917,Steven Taylor,muellerkristen@example.org,(279)508-5432,Herreramouth
918,Courtney Hayes,devon09@example.org,(571)519-6083,New Christopherfort
919,Sharon Solis,kelli08@example.com,+1-633-908-2098x45305,Lake Nathanfort
920,Lisa Nixon,josephrowland@example.com,909-488-5440,Port Philip
921,James Curtis,nhall@example.net,430.920.0025,East Cody
922,Tracy Welch,rebecca22@example.net,001-713-845-4033x1488,East Maryfurt
923,George Thomas,jhines@example.org,001-311-975-6746x05002,Amberland
924,Donald Burke,millermicheal@example.org,962.916.4279,Port Tyler
925,Robert Anderson,kvaldez@example.com,(315)430-2889x3834,Johnsonchester
926,Michael Weeks,xrodriguez@example.com,5284186851,North Dianaborough
927,Gerald Yu,wcarey@example.net,3623325651,Medinafort
928,Sandra Perez,santanadaniel@example.com,001-940-611-0340x64836,West Michaelaport
929,Alec Wallace,burtonmarie@example.org,9565895744,Port Maryside
930,Bradley Miller,jenniferwoods@example.net,001-755-469-4312x587,Ericksonchester
931,Cory Moore,pamela34@example.net,834.444.3276,Burnsstad
932,Matthew Collins,krivera@example.org,+1-709-857-1158x35924,West Richard
933,Linda Donovan,elizabethharrell@example.org,916.623.5784x2967,Alexanderville
934,Lisa Gomez,kmathis@example.com,578-779-3578,East Audrey
935,Joseph Charles,anthony74@example.org,+1-693-391-5406x648,Port Heidihaven
936,Victoria Christensen,johnsonamanda@example.com,(311)873-9472x41284,New Brettmouth
937,Michael Hooper,zorozco@example.net,001-303-293-8859,New Maryton
938,Melissa Roy,jenniferbrewer@example.com,+1-333-579-3529,New Kellyport
939,Joseph Jones,rothsandra@example.net,6944685735,Christinamouth
940,Troy Smith,sean40@example.com,225-248-4573,New Hectormouth
941,Elizabeth Robinson,mejiaheather@example.org,618.600.0734x33868,Villegasberg
942,Stephen Terrell,williamstrevor@example.net,(924)293-6507x143,Wandaside
943,Shannon Rodriguez DVM,christinachristensen@example.net,+1-355-215-3427,North Adam
944,Carla Burgess,austinwells@example.com,+1-612-539-5077x29928,East Paigeton
945,Aaron Wall,davidbuchanan@example.net,+1-223-395-8994x32640,New Steventon
946,Ann Harris,andrew73@example.org,986.648.0596,Jeffersonview
947,Amy Johnson,villajoel@example.net,910.499.7294,Port Gregory
948,Ms. Anne Howard,michellehernandez@example.org,(429)266-3346x888,Mckenziebury
949,Jane Cohen,bmontoya@example.net,885-494-8916,East Brandonview
950,Matthew Elliott,kellyjones@example.org,001-700-898-6758x137,Margaretville
951,Jermaine Oconnor,zruiz@example.org,001-773-916-1350x4178,North Jamesfort
952,Dawn Hoover,meadowstracie@example.org,259.803.7288,Fosterbury
953,Norman Smith,maynardsara@example.net,407.893.7032,East Roberttown
954,Desiree Perry,carlos93@example.com,458.667.2275x3623,East Amanda
955,Daniel Matthews MD,andrewfrederick@example.org,(438)335-5205x9525,Port Amanda
956,Alison Baker,gdavis@example.net,349.635.8512,Elijahhaven
957,Wendy Edwards,gravesdavid@example.com,453.276.6156x35367,Pattonmouth
958,David Nguyen,huntersamuel@example.net,001-692-366-1218x06636,Connieburgh
959,Michael Vincent,bennettdouglas@example.net,700-374-9969x948,Scottmouth
960,Judy Bryan,ftran@example.org,+1-371-418-1579x692,Brandonton
961,Debbie Solomon,emurphy@example.net,001-828-500-8924x37659,South Matthew
962,Lauren Wilson,aaroncobb@example.com,812.831.4923,Ashleychester
963,Laura Fowler,nhamilton@example.net,(213)705-7367x8973,Garciatown
964,Maria Villarreal,ericglenn@example.net,(324)244-7882x1713,West Crystal
965,Denise Campos,pharvey@example.com,+1-558-991-5463x706,Michaelland
966,Mary Kane,davilaeric@example.com,001-723-496-8543x048,Sanchezview
967,Justin Salas,pacekathleen@example.org,541.456.3449,New Sherri
968,Kevin Contreras,gcarroll@example.com,(406)555-1815x431,Cookburgh
969,Richard Norris,fthomas@example.org,001-571-871-5087,Meaganberg
970,Diana Mathis,aprilbutler@example.org,768-495-9003,Knighthaven
971,Dr. William Allison,acurry@example.net,(507)267-6308x81858,Thompsonport
972,Amber Bates,donaldbarnes@example.net,(701)713-6542x08128,Port Mariashire
973,Savannah Bradley,iferguson@example.org,248-505-6350,Lake Eugene
974,Vanessa Marshall,mooreannette@example.net,7494486517,Andersonport
975,Nancy Hodges,sthompson@example.com,686.947.7483x5798,Williamview
976,Martin Davidson,mcknightmichelle@example.net,428.541.2460x14316,Bellview
977,Wanda Aguilar,joseph29@example.com,737-685-1827x2784,Josephport
978,Jeffery Forbes,cynthiawalters@example.net,001-998-565-1553x3096,North Teresaborough
979,Zachary Wilson MD,weberzachary@example.org,443-325-6561x58208,Williambury
980,Todd Bell,smithloretta@example.net,514.706.8805x348,Harperside
981,Jonathan Barron,kthompson@example.org,(519)280-2461,Christopherchester
982,Jonathan Melton,powersashley@example.net,+1-335-600-3437x870,West Bruceburgh
983,Janet Burton,portermakayla@example.com,9607686150,Perrystad
984,Thomas Smith,crogers@example.net,+1-304-539-1846x34768,South Emilyland
985,Cory Lewis,virginiaowens@example.net,001-910-496-4743x24468,Lake Cynthia
986,Johnny Johnson,sarah19@example.com,(955)359-2154,Petersshire
987,Desiree Stone,qmorales@example.net,+1-444-977-7212,Romerofort
988,Kaitlin Drake,tmorrison@example.com,001-588-779-3324x26717,Williamsside
989,Jeanne Williams,james61@example.com,+1-786-908-5261x592,Pennyland
990,Jeremy Williams,lhall@example.net,949-304-6921,Lake Peggy
991,Michael Walters,jamie95@example.org,(278)493-0966x74027,Port Robinfort
992,Roy Long,michaelray@example.org,550.799.7993,New Meganbury
993,James Ramirez,vpatterson@example.com,(503)690-7184x404,West Michael
994,Robert Duran,danielsmith@example.com,+1-633-668-6282,Lake Leonardborough
995,Desiree Alvarez,alexanderrobinson@example.net,262-651-3666x39807,North Joshua
996,Karen Mcgrath,hnelson@example.com,+1-880-229-3128,North Dennisfurt
997,Barbara Collier,dustinmitchell@example.net,424.220.6241x8837,Lake Lindaport
998,Robert Alexander,zacharylopez@example.org,(840)841-4665,Ballardhaven
999,Stephen Salazar,brooksdennis@example.com,001-717-340-7917x60994,South Joan
1000,Randy Phillips,omorales@example.com,(291)332-1452,Wilsonmouth
1001,Sadia Mehnaz,sadia.mehnazexample.com,(291)332-1431,null

